{
  "source_image": "material/PNX1150F.png",
  "plot_box": {
    "x0": 1215,
    "x1": 1744,
    "y0": 862,
    "y1": 1170
  },
  "axis": {
    "core_loss_w_per_kg": {
      "min": 0.01,
      "max": 100.0,
      "scale": "log10"
    },
    "magnetic_flux_density_t": {
      "min": 0.1,
      "max": 1.2,
      "scale": "linear"
    }
  },
  "points_by_frequency": {
    "50Hz": [
      [
        0.2,
        0.026054276454790297
      ],
      [
        0.4,
        0.07028795491852716
      ],
      [
        0.6,
        0.17381034210098653
      ],
      [
        0.8,
        0.39396998688026624
      ],
      [
        1.0,
        0.9086823620992367
      ]
    ],
    "200Hz": [
      [
        0.2,
        0.10674692847278014
      ],
      [
        0.4,
        0.3141698185813202
      ],
      [
        0.6,
        0.8185467307069029
      ],
      [
        0.8,
        1.9548584320556233
      ],
      [
        1.0,
        4.7506012887915565
      ]
    ],
    "400Hz": [
      [
        0.2,
        0.2830061291081116
      ],
      [
        0.4,
        0.7768893505113291
      ],
      [
        0.6,
        1.9891922044417827
      ],
      [
        0.8,
        4.7506012887915565
      ],
      [
        1.0,
        10.6
      ]
    ],
    "800Hz": [
      [
        0.2,
        0.6527468752706691
      ],
      [
        0.4,
        1.8553720156083449
      ],
      [
        0.6,
        4.918939211695682
      ],
      [
        0.8,
        12.163712945550861
      ],
      [
        1.0,
        27.6
      ]
    ],
    "1000Hz": [
      [
        0.2,
        0.9010744908627715
      ],
      [
        0.4,
        2.5612200650245627
      ],
      [
        0.6,
        6.790274781362517
      ],
      [
        0.8,
        16.79121243570608
      ],
      [
        1.0,
        38.1
      ]
    ]
  }
}