{
  "source_image": "material/PNX1150F.png",
  "plot_box": {
    "x0": 1215,
    "x1": 1744,
    "y0": 862,
    "y1": 1170
  },
  "axis": {
    "core_loss_w_per_kg": {
      "min": 0.01,
      "max": 100.0,
      "scale": "log10"
    },
    "magnetic_flux_density_t": {
      "min": 0.1,
      "max": 1.2,
      "scale": "log10"
    }
  },
  "points_by_frequency": {
    "50Hz": [
      [
        0.2,
        0.07405684692262435
      ],
      [
        0.25,
        0.11645618821257563
      ],
      [
        0.3,
        0.16211748871596868
      ],
      [
        0.35,
        0.21795874125144776
      ],
      [
        0.4,
        0.278121398512954
      ],
      [
        0.45,
        0.34274540773083173
      ],
      [
        0.5,
        0.41509494826416815
      ],
      [
        0.55,
        0.4940396606628903
      ],
      [
        0.6,
        0.5879984503029252
      ],
      [
        0.65,
        0.6758770111177826
      ],
      [
        0.7,
        0.7768893505113291
      ],
      [
        0.75,
        0.892998360662891
      ],
      [
        0.8,
        1.0087434280962368
      ],
      [
        0.85,
        1.0444883292373939
      ],
      [
        0.9,
        1.0793488072459831
      ],
      [
        0.95,
        1.1133941601670794
      ],
      [
        1.0,
        1.1466849257423015
      ]
    ],
    "200Hz": [
      [
        0.2,
        0.3253024503228903
      ],
      [
        0.25,
        0.5296726658634338
      ],
      [
        0.3,
        0.7768893505113291
      ],
      [
        0.35,
        1.0444883292373939
      ],
      [
        0.4,
        1.3562043773002839
      ],
      [
        0.45,
        1.7006847543302532
      ],
      [
        0.5,
        2.0958541581523886
      ],
      [
        0.55,
        2.49445357362807
      ],
      [
        0.6,
        2.9176175010500214
      ],
      [
        0.65,
        3.472503739663767
      ],
      [
        0.7,
        3.922588753494667
      ],
      [
        0.75,
        4.588024294223426
      ],
      [
        0.8,
        5.27372163194981
      ],
      [
        0.85,
        5.2789953535817595
      ],
      [
        0.9,
        5.284274348935341
      ],
      [
        0.95,
        5.289558623284276
      ],
      [
        1.0,
        5.29484818190756
      ]
    ],
    "400Hz": [
      [
        0.2,
        0.804418484539051
      ],
      [
        0.25,
        1.2871845898541736
      ],
      [
        0.3,
        1.8553720156083449
      ],
      [
        0.35,
        2.49445357362807
      ],
      [
        0.4,
        3.2957815036726728
      ],
      [
        0.45,
        4.061585988376979
      ],
      [
        0.5,
        5.005332035087053
      ],
      [
        0.55,
        6.061898993497572
      ],
      [
        0.6,
        7.214779496218641
      ],
      [
        0.65,
        8.438708640212582
      ],
      [
        0.7,
        9.699905111148412
      ],
      [
        0.75,
        11.149592097175761
      ],
      [
        0.8,
        11.345415769614494
      ],
      [
        0.85,
        11.356761185384107
      ],
      [
        0.9,
        11.36811794656949
      ],
      [
        0.95,
        11.379486064516058
      ],
      [
        1.0,
        11.390865550580573
      ]
    ],
    "800Hz": [
      [
        0.2,
        1.4
      ],
      [
        0.25,
        2.2950120162078202
      ],
      [
        0.3,
        3.43694390879639
      ],
      [
        0.35,
        4.83571220919138
      ],
      [
        0.4,
        6.5
      ],
      [
        0.45,
        7.767140693174403
      ],
      [
        0.5,
        9.108589930403138
      ],
      [
        0.55,
        10.520614309992107
      ],
      [
        0.6,
        12.0
      ],
      [
        0.65,
        14.021759165431556
      ],
      [
        0.7,
        16.196083570775716
      ],
      [
        0.75,
        18.522354940430798
      ],
      [
        0.8,
        21.0
      ],
      [
        0.85,
        22.61858635602832
      ],
      [
        0.9,
        24.258723818100513
      ],
      [
        0.95,
        25.919477366990495
      ],
      [
        1.0,
        27.6
      ]
    ],
    "1000Hz": [
      [
        0.2,
        2.0
      ],
      [
        0.25,
        3.099633161525715
      ],
      [
        0.3,
        4.43384621962324
      ],
      [
        0.35,
        6.001073077812017
      ],
      [
        0.4,
        7.8
      ],
      [
        0.45,
        9.69653417209582
      ],
      [
        0.5,
        11.780650710149857
      ],
      [
        0.55,
        14.049360074749202
      ],
      [
        0.6,
        16.5
      ],
      [
        0.65,
        19.115554641862083
      ],
      [
        0.7,
        21.90543102284073
      ],
      [
        0.75,
        24.867550382496052
      ],
      [
        0.8,
        28.0
      ],
      [
        0.85,
        30.443909575622413
      ],
      [
        0.9,
        32.94313620820699
      ],
      [
        0.95,
        35.49575319662486
      ],
      [
        1.0,
        38.1
      ]
    ]
  }
}